{
  "authors": [
    {
      "id": 1,
      "name": "Lily Thompson",
      "jobTitle": "Architecture and Design Writer",
      "jobExperiences": [
        "Former Interior Design Intern at Creative Interiors Studio",
        "Contributing Blogger at Urban Design Insights"
      ],
      "topics": ["Interior", "Urban", "Cultural"],
      "description": "Her writing focuses on interior design, urban planning, and the cultural influences that shape our built environment. With a passion for exploring the intersection of aesthetics and functionality, Lily crafts narratives that delve into the stories behind spaces, decode the dynamics of urban landscapes, and celebrate the diverse cultural threads woven into architecture.",
      "avatar": "/data/authors/avatar/1.webp",
      "email": "lilythopson@email.com"
    },
    {
      "id": 2,
      "name": "Aanya Patel",
      "jobTitle": "Architecture Writer and Urban Enthusiast",
      "jobExperiences": [
        "Former Urban Planning Intern at MetroScape Solutions",
        "Contributing Author at Urban Perspectives Magazine"
      ],
      "topics": ["Urban", "Design", "Cultural"],
      "description": "With a keen eye for the symbiosis between architecture and societies, Aanya crafts narratives that unravel the stories behind urban spaces, decode the dynamics of design, and celebrate the diverse cultural threads woven into our built environment. She offers readers a deeper understanding of the intricate relationship between architecture and the communities it serves.",
      "avatar": "/data/authors/avatar/2.webp",
      "email": "aanyapatel@email.com"
    },
    {
      "id": 3,
      "name": "Eleanor Davis",
      "jobTitle": "Architectural Historian and Critic",
      "jobExperiences": [
        "Former Curator at Heritage Architecture Museum",
        "Author of 'Preserving the Past: Architectural Gems Through Time'"
      ],
      "topics": ["Narrative", "Design", "Cultural"],
      "description": "Eleanor Davis, a seasoned architectural historian and respected critic, draws from her curatorial work at the Heritage Architecture Museum and her acclaimed book 'Preserving the Past: Architectural Gems Through Time.' With a passion for uncovering the stories behind structures, her writing delves into architectural history, design, and the cultural significance of buildings. Through her narratives, Eleanor paints a vivid picture of how architecture reflects society's evolution, bridging the gap between the past and the present. She unveils the narratives that shape our architectural heritage, offering readers a deeper understanding of the intricate threads that bind our built environment and culture.",
      "avatar": "/data/authors/avatar/3.webp",
      "email": "eleanordavis@email.com"
    },
    {
      "id": 4,
      "name": "Mei Chen",
      "jobTitle": "Architecture Writer and Design Enthusiast",
      "jobExperiences": [
        "Former Interior Design Intern at Harmony Interiors",
        "Contributor to Innovative Spaces Magazine"
      ],
      "topics": ["Interior", "Design", "Cultural"],
      "description": "Mei Chen, a dynamic young architecture writer, leverages her interior design internship at Harmony Interiors and her contributions to Innovative Spaces Magazine. Passionate about design and its cultural nuances, her writing navigates interior aesthetics and the impact of culture on architecture. Through her narratives, Mei brings to life the stories within spaces, decoding the fusion of creativity and function. Join her in exploring the ever-evolving world of design, where she uncovers the hidden narratives that shape our built environment and offer readers fresh perspectives on the art of architecture.",
      "avatar": "/data/authors/avatar/4.webp",
      "email": "meichen@email.com"
    },
    {
      "id": 5,
      "name": "Amir Al-Mansoori",
      "jobTitle": "Architectural Writer and Urban Enthusiast",
      "jobExperiences": [
        "Former Urban Planning Intern at UrbanScape Solutions",
        "Contributing Author at Urban Insights Magazine"
      ],
      "topics": ["Urban", "Design", "Cultural"],
      "description": "Amir Al-Mansoori, a talented young architectural writer, draws inspiration from his urban planning internship at UrbanScape Solutions and his role as a contributing author at Urban Insights Magazine. His writing delves into urban planning, design, and the cultural influences that shape our cities. With a passion for exploring the intersection of architecture and societies, Amir crafts narratives that unravel the stories behind urban spaces, decode the dynamics of design, and celebrate the diverse cultural threads woven into architecture. Join him in navigating the captivating world of design, where he celebrates the fusion of creativity, deciphers the impact of technology, and sheds light on the narratives that shape our built environment.",
      "avatar": "/data/authors/avatar/5.webp",
      "email": "amiralmansoori@email.com"
    },
    {
      "id": 6,
      "name": "Isabella Rodriguez",
      "jobTitle": "Landscape Architecture Writer",
      "jobExperiences": [
        "Former Lead Landscape Architect at Serenity Gardens",
        "Contributor to Residential Oasis Magazine"
      ],
      "topics": ["Landscape", "Residential"],
      "description": "Isabella Rodriguez, an esteemed architecture writer, draws on her experience as a lead landscape architect at Serenity Gardens and her contributions to Residential Oasis Magazine. With a focus on landscape design and residential spaces, her writing reflects a deep understanding of how nature and living spaces intertwine. Isabella's narratives uncover the harmonious interplay between outdoor environments and indoor sanctuaries, offering readers insights into creating beautiful, functional, and serene living areas. Join her on a journey through lush landscapes and inviting residences, where she reveals the art of crafting outdoor havens and translating them into delightful, comfortable homes.",
      "avatar": "/data/authors/avatar/6.webp",
      "email": "isabellarod@email.com"
    },
    {
      "id": 7,
      "name": "Sophia Miller",
      "jobTitle": "Architecture Exhibition Manager",
      "jobExperiences": [
        "Former Exhibition Curator at Contemporary Design Gallery",
        "Contributor to TechArch Magazine"
      ],
      "topics": ["Exhibition", "Technology"],
      "description": "Sophia Miller, a young and dynamic architecture writer, leverages her background as an exhibition curator at Contemporary Design Gallery and her contributions to TechArch Magazine. Passionate about the intersection of architecture and technology, her writing navigates exhibition design and the innovative role of technology in shaping our built environment. Mia's narratives illuminate the immersive experiences of architectural exhibitions and explore how cutting-edge technologies are revolutionizing the way we design, visualize, and experience spaces. Join her in uncovering the captivating world where architecture meets technology, as she sheds light on the forefront of design and its evolving relationship with digital innovation.",
      "avatar": "/data/authors/avatar/7.webp",
      "email": "soph111@email.com"
    },
    {
      "id": 8,
      "name": "Valentina Ramos",
      "jobTitle": "Architectural Historian and Critic",
      "jobExperiences": [
        "Former Curator at Heritage Architecture Museum",
        "Author of 'Preserving the Past: Architectural Gems Through Time'"
      ],
      "topics": ["Narrative", "Cultural"],
      "description": "Eleanor Davis, a seasoned architectural historian and respected critic, draws from her curatorial work at the Heritage Architecture Museum and her acclaimed book 'Preserving the Past: Architectural Gems Through Time.' With a passion for uncovering the stories behind structures, her writing delves into architectural history, design, and the cultural significance of buildings. Through her narratives, Eleanor paints a vivid picture of how architecture reflects society's evolution, bridging the gap between the past and the present. She unveils the narratives that shape our architectural heritage, offering readers a deeper understanding of the intricate threads that bind our built environment and culture.",
      "avatar": "/data/authors/avatar/8.webp",
      "email": "valeramos@email.com"
    },
    {
      "id": 9,
      "name": "Olivia Bennett",
      "jobTitle": "Researcher",
      "jobExperiences": [
        "Researcher at GreenBuild Innovations",
        "Former Assistant to Lead Architect at UrbanScape Designs",
        "Former Urban Planning Assistant at CityVibe Studios"
      ],
      "topics": ["Urban"],
      "description": "Olivia Bennett, a talented young architecture intern, draws inspiration from her role as an assistant to the lead architect at UrbanScape Designs. With a passion for sustainable architecture and urban planning, her writing navigates the exciting realm of environmentally-conscious design and the shaping of urban landscapes. Olivia's narratives offer fresh perspectives on sustainable building practices and innovative approaches to creating livable, vibrant cities. Join her in exploring the intersection of architecture and sustainability, as she uncovers the impactful ways design choices can influence our environment and communities for the better.",
      "avatar": "/data/authors/avatar/9.webp",
      "email": "oliviaben@email.com"
    }
  ]
}
