{
  "insights": [
    {
      "id": 1,
      "topic": "narrative",
      "title": "A Shared Kitchen Seamlessly Blending into the Urban Fabric, Crafting a Community Oasis",
      "summary": "Amid the bustling urban landscape, a shared kitchen space has unveiled a captivating blend of architectural innovation and community synergy, organically extending itself into the fabric of the street and evolving into a spirited hub for the neighborhood. Beyond culinary creations, this inventive kitchen nurtures a sense of unity among locals and newcomers alike.",
      "ttr": "2 min",
      "thumbnail": "/data/insights/thumbnail/1.webp",
      "createdAt": "2023-07-25T18:25:43.511Z",
      "author": { "id": 9 },
      "viewCount": 5
    },
    {
      "id": 2,
      "topic": "narrative",
      "title": "The Passive Cooling Strategy of a Brick Office in Taiwan for climate control",
      "summary": "As sustainable architecture takes center stage, a remarkable brick office in Taiwan has emerged as a shining example of a brilliant passive cooling design strategy.",
      "ttr": "2 min",
      "thumbnail": "/data/insights/thumbnail/2.webp",
      "createdAt": "2023-08-17T18:25:43.511Z",
      "author": { "id": 9 },
      "viewCount": 15
    },
    {
      "id": 3,
      "topic": "narrative",
      "title": "Marvels Of Modern Architecture: Inspiring Structures Shaping Our Cities",
      "summary": "In a world marked by fleeting trends and rapid transformations, one element stands as a testament to enduring artistry: architecture.",
      "ttr": "2 min",
      "thumbnail": "/data/insights/thumbnail/test.webp",
      "createdAt": "2022-11-01T18:25:43.511Z",
      "author": { "id": 7 },
      "viewCount": 500
    },
    {
      "id": 4,
      "topic": "narrative",
      "title": "Timeless Elegance: Exploring The Beauty Of Architectural Masterpieces",
      "summary": "In a world marked by fleeting trends and rapid transformations, one element stands as a testament to enduring artistry: architecture.",
      "ttr": "2 min",
      "thumbnail": "/data/insights/thumbnail/test.webp",
      "createdAt": "2022-11-15T18:25:43.511Z",
      "author": { "id": 3 },
      "viewCount": 410
    },
    {
      "id": 5,
      "topic": "design",
      "title": "Designing The Future: Innovative Architecture Redefining Urban Landscapes",
      "summary": "In a world marked by fleeting trends and rapid transformations, one element stands as a testament to enduring artistry: architecture.",
      "ttr": "2 min",
      "thumbnail": "/data/insights/thumbnail/test.webp",
      "createdAt": "2023-08-17T18:25:43.511Z",
      "author": { "id": 2 },
      "viewCount": 214
    },
    {
      "id": 6,
      "topic": "urban",
      "title": "Architectural Innovations Shape Urban Renewal and Cityscapes",
      "summary": "In a world marked by fleeting trends and rapid transformations, one element stands as a testament to enduring artistry: architecture.",
      "ttr": "2 min",
      "thumbnail": "/data/insights/thumbnail/test.webp",
      "createdAt": "2023-08-16T18:25:43.511Z",
      "author": { "id": 8 },
      "viewCount": 443
    }
  ]
}
